A0AFT8,Heme-degrading monooxygenase,CC - CATALYTIC ACTIVITY
A0K648,Phosphomethylpyrimidine synthase,CC - CATALYTIC ACTIVITY
A0L6W5,N(2)-fixation sustaining protein CowN,CC - FUNCTION
A0PTS1,Phosphomethylpyrimidine synthase,CC - CATALYTIC ACTIVITY
A0Q1U9,Phosphomethylpyrimidine synthase,CC - CATALYTIC ACTIVITY
A0QLS0,Phosphomethylpyrimidine synthase,CC - CATALYTIC ACTIVITY
A0RI45,Acireductone dioxygenase,CC - CATALYTIC ACTIVITY; CC - FUNCTION
A0RJE3,Heme-degrading monooxygenase,CC - CATALYTIC ACTIVITY
A0RL17,Phosphomethylpyrimidine synthase,CC - CATALYTIC ACTIVITY
A0RN29,Phosphomethylpyrimidine synthase,CC - CATALYTIC ACTIVITY
A1AIG5,Phosphomethylpyrimidine synthase,CC - CATALYTIC ACTIVITY
A1ANL2,N(2)-fixation sustaining protein CowN,CC - FUNCTION
A1AW65,Phosphomethylpyrimidine synthase,CC - CATALYTIC ACTIVITY
A1B684,Phosphomethylpyrimidine synthase,CC - CATALYTIC ACTIVITY
A1JP10,Acireductone dioxygenase,CC - CATALYTIC ACTIVITY; CC - FUNCTION
A1K3Q2,Phosphomethylpyrimidine synthase,CC - CATALYTIC ACTIVITY
A1K639,N(2)-fixation sustaining protein CowN,CC - FUNCTION
A1KFP5,Phosphomethylpyrimidine synthase,CC - CATALYTIC ACTIVITY
A1KWC0,Phosphomethylpyrimidine synthase,CC - CATALYTIC ACTIVITY
A1S6Q9,Phosphomethylpyrimidine synthase,CC - CATALYTIC ACTIVITY
A1TKD9,Phosphomethylpyrimidine synthase,CC - CATALYTIC ACTIVITY
A1TZ35,Acireductone dioxygenase,CC - CATALYTIC ACTIVITY; CC - FUNCTION
A1US11,Phosphomethylpyrimidine synthase,CC - CATALYTIC ACTIVITY
A1V2S9,Phosphomethylpyrimidine synthase,CC - CATALYTIC ACTIVITY
A1VI67,Phosphomethylpyrimidine synthase,CC - CATALYTIC ACTIVITY
A1VYG9,Phosphomethylpyrimidine synthase,CC - CATALYTIC ACTIVITY
A1WBZ7,Phosphomethylpyrimidine synthase,CC - CATALYTIC ACTIVITY
A1WUG8,N(2)-fixation sustaining protein CowN,CC - FUNCTION
A2BTJ3,Phosphomethylpyrimidine synthase,CC - CATALYTIC ACTIVITY
A2BYZ5,Phosphomethylpyrimidine synthase,CC - CATALYTIC ACTIVITY
A2C559,Phosphomethylpyrimidine synthase,CC - CATALYTIC ACTIVITY
A2C642,Phosphomethylpyrimidine synthase,CC - CATALYTIC ACTIVITY
A2CBN5,Acireductone dioxygenase,CC - CATALYTIC ACTIVITY; CC - FUNCTION
A2S3Z6,Phosphomethylpyrimidine synthase,CC - CATALYTIC ACTIVITY
A2SG83,Phosphomethylpyrimidine synthase,CC - CATALYTIC ACTIVITY
A2SU66,Phosphomethylpyrimidine synthase,CC - CATALYTIC ACTIVITY
A3CVT7,Phosphomethylpyrimidine synthase,CC - CATALYTIC ACTIVITY
A3M1D2,Phosphomethylpyrimidine synthase,CC - CATALYTIC ACTIVITY
A3MIG6,Phosphomethylpyrimidine synthase,CC - CATALYTIC ACTIVITY
A3N7W7,Phosphomethylpyrimidine synthase,CC - CATALYTIC ACTIVITY
A3NTK3,Phosphomethylpyrimidine synthase,CC - CATALYTIC ACTIVITY
A3PFA2,Phosphomethylpyrimidine synthase,CC - CATALYTIC ACTIVITY
A3QER4,Phosphomethylpyrimidine synthase,CC - CATALYTIC ACTIVITY
A4FFQ4,Acireductone dioxygenase,CC - CATALYTIC ACTIVITY; CC - FUNCTION
A4G002,Phosphomethylpyrimidine synthase,CC - CATALYTIC ACTIVITY
A4G224,Phosphomethylpyrimidine synthase,CC - CATALYTIC ACTIVITY
A4IK74,Phosphomethylpyrimidine synthase,CC - CATALYTIC ACTIVITY
A4ILL8,Acireductone dioxygenase,CC - CATALYTIC ACTIVITY; CC - FUNCTION
A4J8J1,Phosphomethylpyrimidine synthase,CC - CATALYTIC ACTIVITY
A4JCZ0,Phosphomethylpyrimidine synthase,CC - CATALYTIC ACTIVITY
A4QDR7,Phosphomethylpyrimidine synthase,CC - CATALYTIC ACTIVITY
A4SFM6,Phosphomethylpyrimidine synthase,CC - CATALYTIC ACTIVITY
A4TPN0,Acireductone dioxygenase,CC - CATALYTIC ACTIVITY; CC - FUNCTION
A4VM82,Acireductone dioxygenase,CC - CATALYTIC ACTIVITY; CC - FUNCTION
A4VR38,Phosphomethylpyrimidine synthase,CC - CATALYTIC ACTIVITY
A4W7Z2,Acireductone dioxygenase,CC - CATALYTIC ACTIVITY; CC - FUNCTION
A4WXK6,N(2)-fixation sustaining protein CowN,CC - FUNCTION
A4XPW1,Phosphomethylpyrimidine synthase,CC - CATALYTIC ACTIVITY
A4Y6R2,Phosphomethylpyrimidine synthase,CC - CATALYTIC ACTIVITY
A4YZQ6,Phosphomethylpyrimidine synthase,CC - CATALYTIC ACTIVITY
A5CX15,Phosphomethylpyrimidine synthase,CC - CATALYTIC ACTIVITY
A5D4K5,Phosphomethylpyrimidine synthase,CC - CATALYTIC ACTIVITY
A5EES7,Acireductone dioxygenase,CC - CATALYTIC ACTIVITY; CC - FUNCTION
A5EPQ5,Phosphomethylpyrimidine synthase,CC - CATALYTIC ACTIVITY
A5F4D2,Phosphomethylpyrimidine synthase,CC - CATALYTIC ACTIVITY
A5FR94,Phosphomethylpyrimidine synthase,CC - CATALYTIC ACTIVITY
A5FUG5,Acireductone dioxygenase,CC - CATALYTIC ACTIVITY; CC - FUNCTION
A5GI51,Phosphomethylpyrimidine synthase,CC - CATALYTIC ACTIVITY
A5GJ71,Acireductone dioxygenase,CC - CATALYTIC ACTIVITY; CC - FUNCTION
A5GQ73,Phosphomethylpyrimidine synthase,CC - CATALYTIC ACTIVITY
A5GR53,Acireductone dioxygenase,CC - CATALYTIC ACTIVITY; CC - FUNCTION
A5I5Z5,Phosphomethylpyrimidine synthase,CC - CATALYTIC ACTIVITY
A5IIZ7,Phosphomethylpyrimidine synthase,CC - CATALYTIC ACTIVITY
A5N937,Phosphomethylpyrimidine synthase,CC - CATALYTIC ACTIVITY
A5TZE9,Phosphomethylpyrimidine synthase,CC - CATALYTIC ACTIVITY
A5VB82,Phosphomethylpyrimidine synthase,CC - CATALYTIC ACTIVITY
A5W9V8,Phosphomethylpyrimidine synthase,CC - CATALYTIC ACTIVITY
A6Q2K1,Phosphomethylpyrimidine synthase,CC - CATALYTIC ACTIVITY
A6QDF1,Heme oxygenase (staphylobilin-producing) 2,CC - CATALYTIC ACTIVITY
A6QG37,Heme oxygenase (staphylobilin-producing) 1,CC - CATALYTIC ACTIVITY
A6SUX7,Phosphomethylpyrimidine synthase,CC - CATALYTIC ACTIVITY
A6T672,Acireductone dioxygenase,CC - CATALYTIC ACTIVITY; CC - FUNCTION
A6TGQ1,Phosphomethylpyrimidine synthase,CC - CATALYTIC ACTIVITY
A6TVU5,Phosphomethylpyrimidine synthase,CC - CATALYTIC ACTIVITY
A6URG5,Phosphomethylpyrimidine synthase,CC - CATALYTIC ACTIVITY
A6UT74,Phosphomethylpyrimidine synthase,CC - CATALYTIC ACTIVITY
A6V7A7,Acireductone dioxygenase,CC - CATALYTIC ACTIVITY; CC - FUNCTION
A6VD86,Phosphomethylpyrimidine synthase,CC - CATALYTIC ACTIVITY
A6VIH6,Phosphomethylpyrimidine synthase,CC - CATALYTIC ACTIVITY
A7FLL2,Acireductone dioxygenase,CC - CATALYTIC ACTIVITY; CC - FUNCTION
A7FXG9,Phosphomethylpyrimidine synthase,CC - CATALYTIC ACTIVITY
A7GHD2,Phosphomethylpyrimidine synthase,CC - CATALYTIC ACTIVITY
A7GS63,Acireductone dioxygenase,CC - CATALYTIC ACTIVITY; CC - FUNCTION
A7GUZ5,Phosphomethylpyrimidine synthase,CC - CATALYTIC ACTIVITY
A7H4T0,Phosphomethylpyrimidine synthase,CC - CATALYTIC ACTIVITY
A7HCC3,Phosphomethylpyrimidine synthase,CC - CATALYTIC ACTIVITY
A7HU87,Acireductone dioxygenase,CC - CATALYTIC ACTIVITY; CC - FUNCTION
A7HV30,Phosphomethylpyrimidine synthase,CC - CATALYTIC ACTIVITY
A7I8Q1,Phosphomethylpyrimidine synthase,CC - CATALYTIC ACTIVITY
A7I162,Phosphomethylpyrimidine synthase,CC - CATALYTIC ACTIVITY
A7IIE0,N(2)-fixation sustaining protein CowN,CC - FUNCTION
A7MK12,Acireductone dioxygenase,CC - CATALYTIC ACTIVITY; CC - FUNCTION
A7N141,Phosphomethylpyrimidine synthase,CC - CATALYTIC ACTIVITY
A7Z2P5,Phosphomethylpyrimidine synthase,CC - CATALYTIC ACTIVITY
A7Z3X7,Acireductone dioxygenase,CC - CATALYTIC ACTIVITY; CC - FUNCTION
A7ZUK9,Phosphomethylpyrimidine synthase,CC - CATALYTIC ACTIVITY
A8A8N6,Phosphomethylpyrimidine synthase,CC - CATALYTIC ACTIVITY
A8A794,Phosphomethylpyrimidine synthase,CC - CATALYTIC ACTIVITY
A8AKS9,Phosphomethylpyrimidine synthase,CC - CATALYTIC ACTIVITY
A8ANI2,Acireductone dioxygenase,CC - CATALYTIC ACTIVITY; CC - FUNCTION
A8F821,Phosphomethylpyrimidine synthase,CC - CATALYTIC ACTIVITY
A8FCH1,Acireductone dioxygenase,CC - CATALYTIC ACTIVITY; CC - FUNCTION
A8FFR8,Phosphomethylpyrimidine synthase,CC - CATALYTIC ACTIVITY
A8FKN8,Phosphomethylpyrimidine synthase,CC - CATALYTIC ACTIVITY
A8FUU9,Phosphomethylpyrimidine synthase,CC - CATALYTIC ACTIVITY
A8G7B7,Phosphomethylpyrimidine synthase,CC - CATALYTIC ACTIVITY
A8GAB0,Acireductone dioxygenase,CC - CATALYTIC ACTIVITY; CC - FUNCTION
A8H566,Phosphomethylpyrimidine synthase,CC - CATALYTIC ACTIVITY
A8HV62,N(2)-fixation sustaining protein CowN,CC - FUNCTION
A8MEI9,Phosphomethylpyrimidine synthase,CC - CATALYTIC ACTIVITY
A8YMJ4,Acireductone dioxygenase,CC - CATALYTIC ACTIVITY; CC - FUNCTION
A8ZVP4,Phosphomethylpyrimidine synthase,CC - CATALYTIC ACTIVITY
A9A8A9,Phosphomethylpyrimidine synthase,CC - CATALYTIC ACTIVITY
A9ACX9,Phosphomethylpyrimidine synthase,CC - CATALYTIC ACTIVITY
A9BD54,Phosphomethylpyrimidine synthase,CC - CATALYTIC ACTIVITY
A9BVZ7,Acireductone dioxygenase,CC - CATALYTIC ACTIVITY; CC - FUNCTION
A9FCY0,Acireductone dioxygenase,CC - CATALYTIC ACTIVITY; CC - FUNCTION
A9H4F6,N(2)-fixation sustaining protein CowN,CC - FUNCTION
A9H8G4,Acireductone dioxygenase,CC - CATALYTIC ACTIVITY; CC - FUNCTION
A9IFG8,Phosphomethylpyrimidine synthase,CC - CATALYTIC ACTIVITY
A9IRH7,Phosphomethylpyrimidine synthase,CC - CATALYTIC ACTIVITY
A9KGN7,Phosphomethylpyrimidine synthase,CC - CATALYTIC ACTIVITY
A9M0A4,Phosphomethylpyrimidine synthase,CC - CATALYTIC ACTIVITY
A9MHD6,Phosphomethylpyrimidine synthase,CC - CATALYTIC ACTIVITY
A9N0K6,Phosphomethylpyrimidine synthase,CC - CATALYTIC ACTIVITY
A9R2Z6,Acireductone dioxygenase,CC - CATALYTIC ACTIVITY; CC - FUNCTION
A9VFE2,Acireductone dioxygenase,CC - CATALYTIC ACTIVITY; CC - FUNCTION
A9VJK2,Heme-degrading monooxygenase,CC - CATALYTIC ACTIVITY
A9VR68,Phosphomethylpyrimidine synthase,CC - CATALYTIC ACTIVITY
B0CCG9,Phosphomethylpyrimidine synthase,CC - CATALYTIC ACTIVITY
B0JSK4,Phosphomethylpyrimidine synthase,CC - CATALYTIC ACTIVITY
B0JUK9,Acireductone dioxygenase,CC - CATALYTIC ACTIVITY; CC - FUNCTION
B0K5Z9,Phosphomethylpyrimidine synthase,CC - CATALYTIC ACTIVITY
B0KD66,Phosphomethylpyrimidine synthase,CC - CATALYTIC ACTIVITY
B0KL24,Phosphomethylpyrimidine synthase,CC - CATALYTIC ACTIVITY
B0R400,Phosphomethylpyrimidine synthase,CC - CATALYTIC ACTIVITY
B0RP37,Phosphomethylpyrimidine synthase,CC - CATALYTIC ACTIVITY
B0RSM4,Acireductone dioxygenase,CC - CATALYTIC ACTIVITY; CC - FUNCTION
B0S3A6,Phosphomethylpyrimidine synthase,CC - CATALYTIC ACTIVITY
B0SFU6,Acireductone dioxygenase,CC - CATALYTIC ACTIVITY; CC - FUNCTION
B0SP94,Acireductone dioxygenase,CC - CATALYTIC ACTIVITY; CC - FUNCTION
B0T2Q1,Phosphomethylpyrimidine synthase,CC - CATALYTIC ACTIVITY
B0TRP7,Phosphomethylpyrimidine synthase,CC - CATALYTIC ACTIVITY
B0U3A5,Acireductone dioxygenase,CC - CATALYTIC ACTIVITY; CC - FUNCTION
B0VDF1,Phosphomethylpyrimidine synthase,CC - CATALYTIC ACTIVITY
B0VMD7,Phosphomethylpyrimidine synthase,CC - CATALYTIC ACTIVITY
B1I672,Phosphomethylpyrimidine synthase,CC - CATALYTIC ACTIVITY
B1ILH9,Phosphomethylpyrimidine synthase,CC - CATALYTIC ACTIVITY
B1IUQ3,Phosphomethylpyrimidine synthase,CC - CATALYTIC ACTIVITY
B1JAG3,Phosphomethylpyrimidine synthase,CC - CATALYTIC ACTIVITY
B1JIK4,Acireductone dioxygenase,CC - CATALYTIC ACTIVITY; CC - FUNCTION
B1JYX0,Phosphomethylpyrimidine synthase,CC - CATALYTIC ACTIVITY
B1KHI4,Phosphomethylpyrimidine synthase,CC - CATALYTIC ACTIVITY
B1KZJ7,Phosphomethylpyrimidine synthase,CC - CATALYTIC ACTIVITY
B1LCP2,Phosphomethylpyrimidine synthase,CC - CATALYTIC ACTIVITY
B1LNU6,Phosphomethylpyrimidine synthase,CC - CATALYTIC ACTIVITY
B1MIP8,Phosphomethylpyrimidine synthase,CC - CATALYTIC ACTIVITY
B1VPA3,Phosphomethylpyrimidine synthase,CC - CATALYTIC ACTIVITY
B1WW40,Phosphomethylpyrimidine synthase,CC - CATALYTIC ACTIVITY
B1XBZ7,Phosphomethylpyrimidine synthase,CC - CATALYTIC ACTIVITY
B1XIG4,Phosphomethylpyrimidine synthase,CC - CATALYTIC ACTIVITY
B1XPT2,Acireductone dioxygenase,CC - CATALYTIC ACTIVITY; CC - FUNCTION
B1Y5I3,Phosphomethylpyrimidine synthase,CC - CATALYTIC ACTIVITY
B1YIX9,Acireductone dioxygenase,CC - CATALYTIC ACTIVITY; CC - FUNCTION
B1YW60,Phosphomethylpyrimidine synthase,CC - CATALYTIC ACTIVITY
B2AGF3,Phosphomethylpyrimidine synthase,CC - CATALYTIC ACTIVITY
B2FPP3,Acireductone dioxygenase,CC - CATALYTIC ACTIVITY; CC - FUNCTION
B2FT70,Phosphomethylpyrimidine synthase,CC - CATALYTIC ACTIVITY
B2HQM5,Phosphomethylpyrimidine synthase,CC - CATALYTIC ACTIVITY
B2I1W2,Phosphomethylpyrimidine synthase,CC - CATALYTIC ACTIVITY
B2I5X3,Acireductone dioxygenase,CC - CATALYTIC ACTIVITY; CC - FUNCTION
B2IFA4,N(2)-fixation sustaining protein CowN,CC - FUNCTION
B2J323,Phosphomethylpyrimidine synthase,CC - CATALYTIC ACTIVITY
B2JJF7,Phosphomethylpyrimidine synthase,CC - CATALYTIC ACTIVITY
B2K632,Acireductone dioxygenase,CC - CATALYTIC ACTIVITY; CC - FUNCTION
B2RH34,Phosphomethylpyrimidine synthase,CC - CATALYTIC ACTIVITY
B2SM83,Acireductone dioxygenase,CC - CATALYTIC ACTIVITY; CC - FUNCTION
B2SNG3,Phosphomethylpyrimidine synthase,CC - CATALYTIC ACTIVITY
B2SXY6,Phosphomethylpyrimidine synthase,CC - CATALYTIC ACTIVITY
B2TWI1,Phosphomethylpyrimidine synthase,CC - CATALYTIC ACTIVITY
B2VAA3,Acireductone dioxygenase,CC - CATALYTIC ACTIVITY; CC - FUNCTION
B2VIR1,Acireductone dioxygenase,CC - CATALYTIC ACTIVITY; CC - FUNCTION
B3E2A4,N(2)-fixation sustaining protein CowN,CC - FUNCTION
B3EE09,Phosphomethylpyrimidine synthase,CC - CATALYTIC ACTIVITY
B3EPH6,Phosphomethylpyrimidine synthase,CC - CATALYTIC ACTIVITY
B3PCK0,Phosphomethylpyrimidine synthase,CC - CATALYTIC ACTIVITY
B3QEP7,N(2)-fixation sustaining protein CowN,CC - FUNCTION
B3QFS9,Phosphomethylpyrimidine synthase,CC - CATALYTIC ACTIVITY
B3QG72,Acireductone dioxygenase,CC - CATALYTIC ACTIVITY; CC - FUNCTION
B3QPT5,Phosphomethylpyrimidine synthase,CC - CATALYTIC ACTIVITY
B4ED40,Phosphomethylpyrimidine synthase,CC - CATALYTIC ACTIVITY
B4S2W4,Phosphomethylpyrimidine synthase,CC - CATALYTIC ACTIVITY
B4S9A9,Phosphomethylpyrimidine synthase,CC - CATALYTIC ACTIVITY
B4SBF6,Phosphomethylpyrimidine synthase,CC - CATALYTIC ACTIVITY
B4SI60,Phosphomethylpyrimidine synthase,CC - CATALYTIC ACTIVITY
B4STR1,Acireductone dioxygenase,CC - CATALYTIC ACTIVITY; CC - FUNCTION
B4T0Z6,Phosphomethylpyrimidine synthase,CC - CATALYTIC ACTIVITY
B4TCT3,Phosphomethylpyrimidine synthase,CC - CATALYTIC ACTIVITY
B4TQK4,Phosphomethylpyrimidine synthase,CC - CATALYTIC ACTIVITY
B4U606,Acireductone dioxygenase,CC - CATALYTIC ACTIVITY; CC - FUNCTION
B4UDM7,Phosphomethylpyrimidine synthase,CC - CATALYTIC ACTIVITY
B5BJR3,Phosphomethylpyrimidine synthase,CC - CATALYTIC ACTIVITY
B5EQ61,Phosphomethylpyrimidine synthase,CC - CATALYTIC ACTIVITY
B5F1H7,Phosphomethylpyrimidine synthase,CC - CATALYTIC ACTIVITY
B5FF66,Phosphomethylpyrimidine synthase,CC - CATALYTIC ACTIVITY
B5FQK9,Phosphomethylpyrimidine synthase,CC - CATALYTIC ACTIVITY
B5QYE9,Phosphomethylpyrimidine synthase,CC - CATALYTIC ACTIVITY
B5RFJ0,Phosphomethylpyrimidine synthase,CC - CATALYTIC ACTIVITY
B5XYE4,Phosphomethylpyrimidine synthase,CC - CATALYTIC ACTIVITY
B5YJ75,Phosphomethylpyrimidine synthase,CC - CATALYTIC ACTIVITY
B5Z090,Phosphomethylpyrimidine synthase,CC - CATALYTIC ACTIVITY
B6EGV1,Phosphomethylpyrimidine synthase,CC - CATALYTIC ACTIVITY
B6I5K5,Phosphomethylpyrimidine synthase,CC - CATALYTIC ACTIVITY
B6J1X8,Phosphomethylpyrimidine synthase,CC - CATALYTIC ACTIVITY
B6J5W3,Phosphomethylpyrimidine synthase,CC - CATALYTIC ACTIVITY
B6JI86,Phosphomethylpyrimidine synthase,CC - CATALYTIC ACTIVITY
B7H1M6,Phosphomethylpyrimidine synthase,CC - CATALYTIC ACTIVITY
B7HEM8,Phosphomethylpyrimidine synthase,CC - CATALYTIC ACTIVITY
B7HF56,Heme-degrading monooxygenase,CC - CATALYTIC ACTIVITY
B7HRI4,Heme-degrading monooxygenase,CC - CATALYTIC ACTIVITY
B7HX62,Phosphomethylpyrimidine synthase,CC - CATALYTIC ACTIVITY
B7I331,Phosphomethylpyrimidine synthase,CC - CATALYTIC ACTIVITY
B7IJU1,Heme-degrading monooxygenase,CC - CATALYTIC ACTIVITY
B7IPY9,Phosphomethylpyrimidine synthase,CC - CATALYTIC ACTIVITY
B7J7C4,Phosphomethylpyrimidine synthase,CC - CATALYTIC ACTIVITY
B7JGF0,Phosphomethylpyrimidine synthase,CC - CATALYTIC ACTIVITY
B7JR48,Heme-degrading monooxygenase,CC - CATALYTIC ACTIVITY
B7K508,Phosphomethylpyrimidine synthase,CC - CATALYTIC ACTIVITY
B7KDN8,Phosphomethylpyrimidine synthase,CC - CATALYTIC ACTIVITY
B7LA88,Phosphomethylpyrimidine synthase,CC - CATALYTIC ACTIVITY
B7LUK8,Phosphomethylpyrimidine synthase,CC - CATALYTIC ACTIVITY
B7M7Q3,Phosphomethylpyrimidine synthase,CC - CATALYTIC ACTIVITY
B7MIY0,Phosphomethylpyrimidine synthase,CC - CATALYTIC ACTIVITY
B7MRC0,Phosphomethylpyrimidine synthase,CC - CATALYTIC ACTIVITY
B7NFT5,Phosphomethylpyrimidine synthase,CC - CATALYTIC ACTIVITY
B7NRS7,Phosphomethylpyrimidine synthase,CC - CATALYTIC ACTIVITY
B7UPE9,Phosphomethylpyrimidine synthase,CC - CATALYTIC ACTIVITY
B7V362,Phosphomethylpyrimidine synthase,CC - CATALYTIC ACTIVITY
B7VMV7,Phosphomethylpyrimidine synthase,CC - CATALYTIC ACTIVITY
B8DCJ3,Heme-degrading monooxygenase,CC - CATALYTIC ACTIVITY
B8ER26,N(2)-fixation sustaining protein CowN,CC - FUNCTION
B8FUD2,Phosphomethylpyrimidine synthase,CC - CATALYTIC ACTIVITY
B8GKY4,Phosphomethylpyrimidine synthase,CC - CATALYTIC ACTIVITY
B8GX84,Phosphomethylpyrimidine synthase,CC - CATALYTIC ACTIVITY
B8HNW1,Phosphomethylpyrimidine synthase,CC - CATALYTIC ACTIVITY
B8JAC3,Phosphomethylpyrimidine synthase,CC - CATALYTIC ACTIVITY
B8ZU90,Phosphomethylpyrimidine synthase,CC - CATALYTIC ACTIVITY
B9E2H5,Phosphomethylpyrimidine synthase,CC - CATALYTIC ACTIVITY
B9J5N4,Phosphomethylpyrimidine synthase,CC - CATALYTIC ACTIVITY
B9J044,Heme-degrading monooxygenase,CC - CATALYTIC ACTIVITY
B9JMY1,Phosphomethylpyrimidine synthase,CC - CATALYTIC ACTIVITY
B9K253,Phosphomethylpyrimidine synthase,CC - CATALYTIC ACTIVITY
B9KAI3,Phosphomethylpyrimidine synthase,CC - CATALYTIC ACTIVITY
B9KUI2,N(2)-fixation sustaining protein CowN,CC - FUNCTION
B9L811,Phosphomethylpyrimidine synthase,CC - CATALYTIC ACTIVITY
B9MFQ3,Phosphomethylpyrimidine synthase,CC - CATALYTIC ACTIVITY
C0Q2S6,Phosphomethylpyrimidine synthase,CC - CATALYTIC ACTIVITY
C0QJ00,Phosphomethylpyrimidine synthase,CC - CATALYTIC ACTIVITY
C1AK99,Phosphomethylpyrimidine synthase,CC - CATALYTIC ACTIVITY
C1DIY8,N(2)-fixation sustaining protein CowN,CC - FUNCTION
C1ETY1,Heme-degrading monooxygenase,CC - CATALYTIC ACTIVITY
C1EZL5,Phosphomethylpyrimidine synthase,CC - CATALYTIC ACTIVITY
C1FVP6,Phosphomethylpyrimidine synthase,CC - CATALYTIC ACTIVITY
C1KZZ5,Heme-degrading monooxygenase,CC - CATALYTIC ACTIVITY
C3L2Y4,Phosphomethylpyrimidine synthase,CC - CATALYTIC ACTIVITY
C3L7Z8,Heme-degrading monooxygenase,CC - CATALYTIC ACTIVITY
C3LEJ7,Phosphomethylpyrimidine synthase,CC - CATALYTIC ACTIVITY
C3LPQ3,Phosphomethylpyrimidine synthase,CC - CATALYTIC ACTIVITY
C3MMC3,Phosphomethylpyrimidine synthase,CC - CATALYTIC ACTIVITY
C3MX60,Phosphomethylpyrimidine synthase,CC - CATALYTIC ACTIVITY
C3N4K5,Phosphomethylpyrimidine synthase,CC - CATALYTIC ACTIVITY
C3P178,Phosphomethylpyrimidine synthase,CC - CATALYTIC ACTIVITY
C3PAD1,Heme-degrading monooxygenase,CC - CATALYTIC ACTIVITY
C4KG47,Phosphomethylpyrimidine synthase,CC - CATALYTIC ACTIVITY
C4LBG4,N(2)-fixation sustaining protein CowN,CC - FUNCTION
C5A0T5,Phosphomethylpyrimidine synthase,CC - CATALYTIC ACTIVITY
C5A6A9,Phosphomethylpyrimidine synthase,CC - CATALYTIC ACTIVITY
C5BTK7,Phosphomethylpyrimidine synthase,CC - CATALYTIC ACTIVITY
C5CM74,Phosphomethylpyrimidine synthase,CC - CATALYTIC ACTIVITY
C5D571,Phosphomethylpyrimidine synthase,CC - CATALYTIC ACTIVITY
D3NXD9,N(2)-fixation sustaining protein CowN,CC - FUNCTION
D3RQU0,N(2)-fixation sustaining protein CowN,CC - FUNCTION
D4H539,N(2)-fixation sustaining protein CowN,CC - FUNCTION
D5ANI6,N(2)-fixation sustaining protein CowN,CC - FUNCTION
D5V2I8,N(2)-fixation sustaining protein CowN,CC - FUNCTION
E3I7Z1,N(2)-fixation sustaining protein CowN,CC - FUNCTION
H8EUF2,Putative zinc metalloprotease Rip3,CC - INDUCTION
O00625,Pirin,CC - CATALYTIC ACTIVITY
O18866,Calcium-activated potassium channel subunit alpha-1,CC - ENZYME REGULATION; CC - DOMAIN
O18867,Calcium-activated potassium channel subunit alpha-1,CC - ENZYME REGULATION; CC - DOMAIN
O19998,Heme oxygenase,CC - CATALYTIC ACTIVITY
O27586,Phosphomethylpyrimidine synthase 1,CC - CATALYTIC ACTIVITY
O27617,Phosphomethylpyrimidine synthase 2,CC - CATALYTIC ACTIVITY
O27743,Acetyl-CoA decarbonylase/synthase complex subunit alpha,DE; CC - CATALYTIC ACTIVITY; CC - SIMILARITY
O28429,Carbon monoxide dehydrogenase,DE; FT; CC - CATALYTIC ACTIVITY; CC - SIMILARITY
O29165,Acetyl-CoA decarbonylase/synthase complex subunit alpha 1,CC - CATALYTIC ACTIVITY; CC - SIMILARITY; DE
O30259,Phosphomethylpyrimidine synthase,CC - CATALYTIC ACTIVITY
O30274,Acetyl-CoA decarbonylase/synthase complex subunit alpha 2,DE; CC - CATALYTIC ACTIVITY; CC - SIMILARITY
O31266,"1H-3-hydroxy-4-oxoquinaldine 2,4-dioxygenase",CC - CATALYTIC ACTIVITY
O31534,Heme-degrading monooxygenase HmoA,CC - CATALYTIC ACTIVITY
O31669,Acireductone dioxygenase,CC - CATALYTIC ACTIVITY; CC - FUNCTION
O33472,"1H-3-hydroxy-4-oxoquinoline 2,4-dioxygenase",CC - CATALYTIC ACTIVITY
O48782,"Heme oxygenase 1, chloroplastic",CC - CATALYTIC ACTIVITY; CC - FUNCTION
O67259,Phosphomethylpyrimidine synthase,CC - CATALYTIC ACTIVITY
O67785,Acireductone dioxygenase,CC - FUNCTION; CC - CATALYTIC ACTIVITY
O70252,Heme oxygenase 2,CC - CATALYTIC ACTIVITY; CC - FUNCTION
O70453,Putative heme oxygenase 3,CC - CATALYTIC ACTIVITY
O73688,Heme oxygenase,CC - CATALYTIC ACTIVITY
O78497,Heme oxygenase,CC - CATALYTIC ACTIVITY
O82392,"Phosphomethylpyrimidine synthase, chloroplastic",CC - CATALYTIC ACTIVITY
P9WFD3,Universal stress protein Rv3134c,CC - INDUCTION
P9WFD5,Universal stress protein Rv2624c,CC - INDUCTION
P9WFD7,Universal stress protein Rv2623,CC - INDUCTION
P9WFD9,Universal stress protein Rv2028c,CC - INDUCTION
P9WG78,Phosphomethylpyrimidine synthase,CC - CATALYTIC ACTIVITY
P9WG79,Phosphomethylpyrimidine synthase,CC - CATALYTIC ACTIVITY
P9WGK1,Hypoxia sensor histidine kinase response regulator DosT,CC - INDUCTION
P9WGK3,Redox sensor histidine kinase response regulator DevS,CC - INDUCTION
P9WGW5,RNA-splicing ligase RtcB,CC - INDUCTION
P9WH77,Vitamin B12-dependent ribonucleoside-diphosphate reductase,CC - INDUCTION
P9WHK1,Putative phosphoribosyl transferase Rv0571c,CC - INDUCTION
P9WHR1,Putative zinc metalloprotease Rip3,CC - INDUCTION
P9WI84,"Putative quercetin 2,3-dioxygenase MT0190",CC - CATALYTIC ACTIVITY
P9WI85,"Putative quercetin 2,3-dioxygenase Rv0181c",CC - CATALYTIC ACTIVITY
P9WID3,Putative phosphofructokinase PfkB,CC - INDUCTION
P9WIZ7,Putative NAD(P)H nitroreductase Rv3131,CC - INDUCTION
P9WIZ9,Putative NAD(P)H nitroreductase acg,CC - INDUCTION
P9WJA3,Hypoxic response protein 1,CC - INDUCTION
P9WJI7,Nicotinate phosphoribosyltransferase pncB2,CC - INDUCTION
P9WJJ1,NADH dehydrogenase-like protein Rv1812c,CC - INDUCTION
P9WJQ1,Nitrate reductase-like protein NarX,CC - INDUCTION
P9WJY7,Probable nitrate/nitrite transporter NarK2,CC - INDUCTION
P9WJZ5,Uncharacterized protein Rv2003c,CC - INDUCTION
P9WKC9,Probable diacyglycerol O-acyltransferase tgs1,CC - INDUCTION
P9WKH2,Heme-degrading monooxygenase HmoB,CC - CATALYTIC ACTIVITY
P9WKH3,Heme-degrading monooxygenase HmoB,CC - CATALYTIC ACTIVITY
P9WL05,Uncharacterized protein Rv3129,CC - INDUCTION
P9WL07,Uncharacterized protein Rv3127,CC - INDUCTION
P9WL09,Uncharacterized protein Rv3126c,CC - INDUCTION
P9WL63,Uncharacterized protein Rv2629,CC - INDUCTION
P9WL65,Putative uncharacterized protein Rv2628,CC - INDUCTION
P9WL67,Uncharacterized protein Rv2627c,CC - INDUCTION
P9WLM1,Uncharacterized protein Rv2030c,CC - INDUCTION
P9WLN1,Universal stress protein Rv2005c,CC - INDUCTION
P9WLN3,Uncharacterized protein Rv2004c,CC - INDUCTION
P9WLP1,Universal stress protein Rv1996,CC - INDUCTION
P9WLS1,Uncharacterized protein Rv1813c,CC - INDUCTION
P9WLS3,Uncharacterized protein Rv1738,CC - INDUCTION
P9WLS5,Uncharacterized membrane protein Rv1735c,CC - INDUCTION
P9WLS7,Uncharacterized protein Rv1734c,CC - INDUCTION
P9WLS9,Probable membrane protein Rv1733c,CC - INDUCTION
P9WM79,Uncharacterized protein Rv0574c,CC - INDUCTION
P9WM81,Uncharacterized protein Rv0572c,CC - INDUCTION
P9WM83,Uncharacterized protein Rv0569,CC - INDUCTION
P9WMA5,Uncharacterized protein Rv0080,CC - INDUCTION
P9WMA9,Uncharacterized protein Rv0079,CC - INDUCTION
P9WMF9,Transcriptional regulatory protein DevR (DosR),CC - INDUCTION
P9WMI7,Uncharacterized HTH-type transcriptional regulator Rv0081,CC - INDUCTION
P9WMK1,Alpha-crystallin,CC - INDUCTION
P9WN15,Uncharacterized glycosyl hydrolase Rv2006,CC - INDUCTION
P9WNE5,Ferritin BfrB,CC - INDUCTION
P9WNE7,Ferredoxin,CC - INDUCTION
P9WPS9,Probable cation-transporting ATPase F,CC - INDUCTION
P9WQ03,Probable protein archease,CC - INDUCTION
P06762,Heme oxygenase 1,CC - CATALYTIC ACTIVITY
P09601,Heme oxygenase 1,CC - CATALYTIC ACTIVITY
P13065,Periplasmic [NiFeSe] hydrogenase large subunit,CC - COFACTOR
P14791,Heme oxygenase 1,CC - CATALYTIC ACTIVITY
P14901,Heme oxygenase 1,CC - CATALYTIC ACTIVITY
P19913,Carbon monoxide dehydrogenase large chain,DE; FT; CC - CATALYTIC ACTIVITY; CC - FUNCTION
P19914,Carbon monoxide dehydrogenase medium chain,DE; FT; CC - CATALYTIC ACTIVITY; CC - FUNCTION
P19915,Carbon monoxide dehydrogenase small chain,DE; FT; CC - CATALYTIC ACTIVITY; CC - FUNCTION
P19916,Carbon monoxide dehydrogenase large chain,DE; FT; CC - CATALYTIC ACTIVITY; CC - FUNCTION
P19917,Carbon monoxide dehydrogenase medium chain,DE; FT; CC - CATALYTIC ACTIVITY; CC - FUNCTION
P19918,Carbon monoxide dehydrogenase small chain,DE; FT; CC - CATALYTIC ACTIVITY; CC - FUNCTION
P19919,Carbon monoxide dehydrogenase large chain,DE; FT; CC - CATALYTIC ACTIVITY; CC - FUNCTION
P19920,Carbon monoxide dehydrogenase medium chain,DE; FT; CC - CATALYTIC ACTIVITY; CC - FUNCTION
P19921,Carbon monoxide dehydrogenase small chain,DE; FT; CC - CATALYTIC ACTIVITY; CC - FUNCTION
P23711,Heme oxygenase 2,CC - CATALYTIC ACTIVITY; CC - FUNCTION
P26692,Acetyl-CoA decarbonylase/synthase complex subunit alpha,DE; CC - CATALYTIC ACTIVITY; CC - SIMILARITY
P27988,Carbon monoxide dehydrogenase/acetyl-CoA synthase subunit alpha,DE; FT
P27989,Carbon monoxide dehydrogenase/acetyl-CoA synthase subunit beta,DE; FT; CC - CATALYTIC ACTIVITY
P29166,Iron hydrogenase 1,CC - COFACTOR
P30136,Phosphomethylpyrimidine synthase,CC - CATALYTIC ACTIVITY
P30519,Heme oxygenase 2,CC - CATALYTIC ACTIVITY; CC - FUNCTION
P31894,Iron-sulfur protein,CC - FUNCTION
P31895,Carbon monoxide-induced hydrogenase,DE; FT; CC - FUNCTION
P31896,Carbon monoxide dehydrogenase,DE; FT; CC - CATALYTIC ACTIVITY; CC - FUNCTION; CC - INDUCTION; CC - SIMILARITY
P31897,Carbon monoxide dehydrogenase accessory protein CooC,DE; FT; CC - FUNCTION
P32394,Heme oxygenase 1,CC - CATALYTIC ACTIVITY
P33279,Eukaryotic translation initiation factor 2-alpha kinase 1,CC - ENZYME REGULATION
P38049,Heme-degrading monooxygenase HmoB,CC - CATALYTIC ACTIVITY
P42106,"Quercetin 2,3-dioxygenase",CC - CATALYTIC ACTIVITY; CC - FUNCTION
P43242,Heme oxygenase 2,CC - CATALYTIC ACTIVITY; CC - FUNCTION
P45740,Phosphomethylpyrimidine synthase,CC - CATALYTIC ACTIVITY
P46852,"Quercetin 2,3-dioxygenase",CC - CATALYTIC ACTIVITY
P50551,Vasodilator-stimulated phosphoprotein,CC - PTM
P50552,Vasodilator-stimulated phosphoprotein,CC - PTM
P51271,Heme oxygenase,CC - CATALYTIC ACTIVITY
P58116,"Quercetin 2,3-dioxygenase",CC - CATALYTIC ACTIVITY
P59934,Carbon monoxide dehydrogenase 1,DE; FT; CC - CATALYTIC ACTIVITY; CC - FUNCTION; CC - SIMILARITY
P61423,Phosphomethylpyrimidine synthase,CC - CATALYTIC ACTIVITY
P61424,Phosphomethylpyrimidine synthase,CC - CATALYTIC ACTIVITY
P61425,Phosphomethylpyrimidine synthase,CC - CATALYTIC ACTIVITY
P61426,Phosphomethylpyrimidine synthase,CC - CATALYTIC ACTIVITY
P61427,Phosphomethylpyrimidine synthase,CC - CATALYTIC ACTIVITY
P61428,Phosphomethylpyrimidine synthase,CC - CATALYTIC ACTIVITY
P65725,"Putative quercetin 2,3-dioxygenase Mb0187c",CC - CATALYTIC ACTIVITY
P66912,Phosphomethylpyrimidine synthase,CC - CATALYTIC ACTIVITY
P70460,Vasodilator-stimulated phosphoprotein,CC - PTM
P71119,Heme oxygenase,CC - CATALYTIC ACTIVITY
P72849,Heme oxygenase 1,CC - CATALYTIC ACTIVITY
P73623,"Putative quercetin 2,3-dioxygenase sll1773",CC - CATALYTIC ACTIVITY
P74133,Heme oxygenase 2,CC - CATALYTIC ACTIVITY
P81238,Cytochrome c-type protein SHP,CC - FUNCTION
P92949,Ferric reduction oxidase 2,CC - INDUCTION
Q0AJI9,Phosphomethylpyrimidine synthase,CC - CATALYTIC ACTIVITY
Q0AZ84,Phosphomethylpyrimidine synthase,CC - CATALYTIC ACTIVITY
Q0BGQ9,Phosphomethylpyrimidine synthase,CC - CATALYTIC ACTIVITY
Q0BPT8,Acireductone dioxygenase,CC - CATALYTIC ACTIVITY; CC - FUNCTION
Q0ICL5,Acireductone dioxygenase,CC - CATALYTIC ACTIVITY; CC - FUNCTION
Q0IDV6,Phosphomethylpyrimidine synthase,CC - CATALYTIC ACTIVITY
Q0KF34,Phosphomethylpyrimidine synthase,CC - CATALYTIC ACTIVITY
Q0RQV5,Acireductone dioxygenase,CC - CATALYTIC ACTIVITY; CC - FUNCTION
Q0SV55,Phosphomethylpyrimidine synthase,CC - CATALYTIC ACTIVITY
Q0SY06,Phosphomethylpyrimidine synthase,CC - CATALYTIC ACTIVITY
Q0TA71,Phosphomethylpyrimidine synthase,CC - CATALYTIC ACTIVITY
Q0TTB7,Phosphomethylpyrimidine synthase,CC - CATALYTIC ACTIVITY
Q0VPK4,Acireductone dioxygenase,CC - CATALYTIC ACTIVITY; CC - FUNCTION
Q1BXK3,Phosphomethylpyrimidine synthase,CC - CATALYTIC ACTIVITY
Q1D4L3,Phosphomethylpyrimidine synthase,CC - CATALYTIC ACTIVITY
Q1GEY0,Phosphomethylpyrimidine synthase,CC - CATALYTIC ACTIVITY
Q1GQJ3,Phosphomethylpyrimidine synthase,CC - CATALYTIC ACTIVITY
Q1I419,Phosphomethylpyrimidine synthase,CC - CATALYTIC ACTIVITY
Q1IX15,Phosphomethylpyrimidine synthase,CC - CATALYTIC ACTIVITY
Q1LS28,Phosphomethylpyrimidine synthase,CC - CATALYTIC ACTIVITY
Q1LU45,Phosphomethylpyrimidine synthase,CC - CATALYTIC ACTIVITY
Q1QEM6,Phosphomethylpyrimidine synthase,CC - CATALYTIC ACTIVITY
Q1QJD3,Phosphomethylpyrimidine synthase,CC - CATALYTIC ACTIVITY
Q1XDL5,Heme oxygenase,CC - CATALYTIC ACTIVITY
Q02F45,Phosphomethylpyrimidine synthase,CC - CATALYTIC ACTIVITY
Q2FHU5,Heme oxygenase (staphylobilin-producing) 1,CC - CATALYTIC ACTIVITY
Q2FK96,Heme oxygenase (staphylobilin-producing) 2,CC - CATALYTIC ACTIVITY
Q2FQY7,Phosphomethylpyrimidine synthase,CC - CATALYTIC ACTIVITY
Q2FZE2,Heme oxygenase (staphylobilin-producing) 1,CC - CATALYTIC ACTIVITY
Q2G1J2,Heme oxygenase (staphylobilin-producing) 2,CC - CATALYTIC ACTIVITY
Q2G7A9,Phosphomethylpyrimidine synthase,CC - CATALYTIC ACTIVITY
Q2GG37,Phosphomethylpyrimidine synthase,CC - CATALYTIC ACTIVITY
Q2GKB1,Phosphomethylpyrimidine synthase,CC - CATALYTIC ACTIVITY
Q2IID8,Phosphomethylpyrimidine synthase,CC - CATALYTIC ACTIVITY
Q2IV18,N(2)-fixation sustaining protein CowN,CC - FUNCTION
Q2IYP8,Phosphomethylpyrimidine synthase,CC - CATALYTIC ACTIVITY
Q2JG22,Phosphomethylpyrimidine synthase,CC - CATALYTIC ACTIVITY
Q2JPK6,Phosphomethylpyrimidine synthase,CC - CATALYTIC ACTIVITY
Q2JY68,Phosphomethylpyrimidine synthase,CC - CATALYTIC ACTIVITY
Q2K206,Phosphomethylpyrimidine synthase,CC - CATALYTIC ACTIVITY
Q02KH4,Acireductone dioxygenase,CC - CATALYTIC ACTIVITY; CC - FUNCTION
Q2L083,Phosphomethylpyrimidine synthase,CC - CATALYTIC ACTIVITY
Q2LSU0,Phosphomethylpyrimidine synthase,CC - CATALYTIC ACTIVITY
Q2N8D9,Phosphomethylpyrimidine synthase,CC - CATALYTIC ACTIVITY
Q2NHG6,Phosphomethylpyrimidine synthase 2,CC - CATALYTIC ACTIVITY
Q2NHI8,Phosphomethylpyrimidine synthase 1,CC - CATALYTIC ACTIVITY
Q2NWC7,Acireductone dioxygenase,CC - CATALYTIC ACTIVITY; CC - FUNCTION
Q2P3W5,Acireductone dioxygenase,CC - CATALYTIC ACTIVITY; CC - FUNCTION
Q2P755,Phosphomethylpyrimidine synthase,CC - CATALYTIC ACTIVITY
Q2PG53,Heme oxygenase 2,CC - CATALYTIC ACTIVITY; CC - FUNCTION
Q2RHR4,Phosphomethylpyrimidine synthase 3,CC - CATALYTIC ACTIVITY
Q2RHR5,Phosphomethylpyrimidine synthase 2,CC - CATALYTIC ACTIVITY
Q2RIM5,Phosphomethylpyrimidine synthase 1,CC - CATALYTIC ACTIVITY
Q2RNI5,N(2)-fixation sustaining protein CowN,CC - FUNCTION
Q2RNI6,CO-responsive transcriptional regulator RcoM,CC - FUNCTION
Q2RST7,Phosphomethylpyrimidine synthase,CC - CATALYTIC ACTIVITY
Q2SKZ1,Acireductone dioxygenase,CC - CATALYTIC ACTIVITY; CC - FUNCTION
Q2SQL8,Phosphomethylpyrimidine synthase,CC - CATALYTIC ACTIVITY
Q2SUP3,Phosphomethylpyrimidine synthase,CC - CATALYTIC ACTIVITY
Q2TA49,Vasodilator-stimulated phosphoprotein,CC - PTM
Q2W6Y4,N(2)-fixation sustaining protein CowN,CC - FUNCTION
Q2WAV0,Phosphomethylpyrimidine synthase,CC - CATALYTIC ACTIVITY
Q2Y6P4,Phosphomethylpyrimidine synthase,CC - CATALYTIC ACTIVITY
Q3A2D2,Phosphomethylpyrimidine synthase 2,CC - CATALYTIC ACTIVITY
Q3A7P7,Phosphomethylpyrimidine synthase 1,CC - CATALYTIC ACTIVITY
Q3AE33,Phosphomethylpyrimidine synthase,CC - CATALYTIC ACTIVITY
Q3AI20,Acireductone dioxygenase,CC - CATALYTIC ACTIVITY; CC - FUNCTION
Q3AND3,Phosphomethylpyrimidine synthase,CC - CATALYTIC ACTIVITY
Q3ATM0,Phosphomethylpyrimidine synthase,CC - CATALYTIC ACTIVITY
Q3AZ58,Acireductone dioxygenase,CC - CATALYTIC ACTIVITY; CC - FUNCTION
Q3B0I6,Phosphomethylpyrimidine synthase,CC - CATALYTIC ACTIVITY
Q3B2V9,Phosphomethylpyrimidine synthase,CC - CATALYTIC ACTIVITY
Q3BPK7,Phosphomethylpyrimidine synthase,CC - CATALYTIC ACTIVITY
Q3BUE7,Acireductone dioxygenase,CC - CATALYTIC ACTIVITY; CC - FUNCTION
Q3IFN9,Phosphomethylpyrimidine synthase,CC - CATALYTIC ACTIVITY
Q3IRP7,Phosphomethylpyrimidine synthase,CC - CATALYTIC ACTIVITY
Q3J7C1,Phosphomethylpyrimidine synthase,CC - CATALYTIC ACTIVITY
Q3JU20,Phosphomethylpyrimidine synthase,CC - CATALYTIC ACTIVITY
Q3KFI8,Acireductone dioxygenase,CC - CATALYTIC ACTIVITY; CC - FUNCTION
Q3KJ20,Phosphomethylpyrimidine synthase,CC - CATALYTIC ACTIVITY
Q3M546,Acireductone dioxygenase,CC - CATALYTIC ACTIVITY; CC - FUNCTION
Q3MGA3,Phosphomethylpyrimidine synthase,CC - CATALYTIC ACTIVITY
Q3MID2,Leukotriene-B(4) omega-hydroxylase 2,CC - ENZYME REGULATION
Q3SFG3,Phosphomethylpyrimidine synthase,CC - CATALYTIC ACTIVITY
Q3SPS0,Phosphomethylpyrimidine synthase,CC - CATALYTIC ACTIVITY
Q3YSI0,Phosphomethylpyrimidine synthase,CC - CATALYTIC ACTIVITY
Q3YUZ0,Phosphomethylpyrimidine synthase,CC - CATALYTIC ACTIVITY
Q3Z8E2,Phosphomethylpyrimidine synthase,CC - CATALYTIC ACTIVITY
Q3ZV00,Acireductone dioxygenase,CC - CATALYTIC ACTIVITY; CC - FUNCTION
Q3ZXE1,Phosphomethylpyrimidine synthase,CC - CATALYTIC ACTIVITY
Q4FVJ8,Phosphomethylpyrimidine synthase,CC - CATALYTIC ACTIVITY
Q4JCB9,Phosphomethylpyrimidine synthase,CC - CATALYTIC ACTIVITY
Q4JVZ0,Phosphomethylpyrimidine synthase,CC - CATALYTIC ACTIVITY
Q4K8J5,Acireductone dioxygenase,CC - CATALYTIC ACTIVITY; CC - FUNCTION
Q4KJA1,Phosphomethylpyrimidine synthase,CC - CATALYTIC ACTIVITY
Q04NC2,Acireductone dioxygenase,CC - FUNCTION; CC - CATALYTIC ACTIVITY
Q4R8E0,Eukaryotic translation initiation factor 2-alpha kinase 1,CC - ENZYME REGULATION
Q4UU50,Acireductone dioxygenase,CC - CATALYTIC ACTIVITY; CC - FUNCTION
Q4UYF2,Phosphomethylpyrimidine synthase,CC - CATALYTIC ACTIVITY
Q04VF1,Phosphomethylpyrimidine synthase,CC - CATALYTIC ACTIVITY
Q04WK1,Acireductone dioxygenase,CC - CATALYTIC ACTIVITY; CC - FUNCTION
Q04Y23,Phosphomethylpyrimidine synthase,CC - CATALYTIC ACTIVITY
Q4ZVB9,Acireductone dioxygenase,CC - CATALYTIC ACTIVITY; CC - FUNCTION
Q4ZZ08,Phosphomethylpyrimidine synthase,CC - CATALYTIC ACTIVITY
Q5E8W9,Phosphomethylpyrimidine synthase,CC - CATALYTIC ACTIVITY
Q5E9F2,Heme oxygenase 1,CC - CATALYTIC ACTIVITY
Q5F588,Phosphomethylpyrimidine synthase,CC - CATALYTIC ACTIVITY
Q5FHG9,Phosphomethylpyrimidine synthase,CC - CATALYTIC ACTIVITY
Q5FNT7,Phosphomethylpyrimidine synthase,CC - CATALYTIC ACTIVITY
Q5FRJ2,Acireductone dioxygenase,CC - CATALYTIC ACTIVITY; CC - FUNCTION
Q5H0X9,Acireductone dioxygenase,CC - CATALYTIC ACTIVITY; CC - FUNCTION
Q5H4C0,Phosphomethylpyrimidine synthase,CC - CATALYTIC ACTIVITY
Q5HBN2,Phosphomethylpyrimidine synthase,CC - CATALYTIC ACTIVITY
Q5HGU8,Heme oxygenase (staphylobilin-producing) 1,CC - CATALYTIC ACTIVITY
Q5HJK5,Heme oxygenase (staphylobilin-producing) 2,CC - CATALYTIC ACTIVITY
Q5HW14,Phosphomethylpyrimidine synthase,CC - CATALYTIC ACTIVITY
Q5JD26,Phosphomethylpyrimidine synthase,CC - CATALYTIC ACTIVITY
Q5L1D9,Acireductone dioxygenase,CC - CATALYTIC ACTIVITY; CC - FUNCTION
Q5L325,Phosphomethylpyrimidine synthase,CC - CATALYTIC ACTIVITY
Q5LCA5,Phosphomethylpyrimidine synthase,CC - CATALYTIC ACTIVITY
Q5M827,Pirin,CC - CATALYTIC ACTIVITY
Q5N3L4,Acireductone dioxygenase,CC - CATALYTIC ACTIVITY; CC - FUNCTION
Q5N4X6,Phosphomethylpyrimidine synthase,CC - CATALYTIC ACTIVITY
Q5NR58,Phosphomethylpyrimidine synthase,CC - CATALYTIC ACTIVITY
Q5P6L3,Phosphomethylpyrimidine synthase,CC - CATALYTIC ACTIVITY
Q5PB42,Phosphomethylpyrimidine synthase,CC - CATALYTIC ACTIVITY
Q5PKA6,Phosphomethylpyrimidine synthase,CC - CATALYTIC ACTIVITY
Q5QUD0,Phosphomethylpyrimidine synthase,CC - CATALYTIC ACTIVITY
Q5R7E3,Heme oxygenase 1,CC - CATALYTIC ACTIVITY
Q5SKG5,Phosphomethylpyrimidine synthase,CC - CATALYTIC ACTIVITY
Q5V2X0,Phosphomethylpyrimidine synthase,CC - CATALYTIC ACTIVITY
Q5WCF2,Heme-degrading monooxygenase,CC - CATALYTIC ACTIVITY
Q5YNS3,Phosphomethylpyrimidine synthase,CC - CATALYTIC ACTIVITY
Q5YQZ5,Acireductone dioxygenase 2,CC - CATALYTIC ACTIVITY; CC - FUNCTION
Q5YZV0,Acireductone dioxygenase 1,CC - CATALYTIC ACTIVITY; CC - FUNCTION
Q6AK99,Phosphomethylpyrimidine synthase,CC - CATALYTIC ACTIVITY
Q6D1G3,Acireductone dioxygenase 2,CC - CATALYTIC ACTIVITY; CC - FUNCTION
Q6D2V8,Acireductone dioxygenase 1,CC - CATALYTIC ACTIVITY; CC - FUNCTION
Q6DAM0,Phosphomethylpyrimidine synthase,CC - CATALYTIC ACTIVITY
Q6FFB6,Phosphomethylpyrimidine synthase,CC - CATALYTIC ACTIVITY
Q6G099,Phosphomethylpyrimidine synthase,CC - CATALYTIC ACTIVITY
Q6G477,Phosphomethylpyrimidine synthase,CC - CATALYTIC ACTIVITY
Q6GA79,Heme oxygenase (staphylobilin-producing) 1,CC - CATALYTIC ACTIVITY
Q6GCW1,Heme oxygenase (staphylobilin-producing) 2,CC - CATALYTIC ACTIVITY
Q6GHV0,Heme oxygenase (staphylobilin-producing) 1,CC - CATALYTIC ACTIVITY
Q6GKE0,Heme oxygenase (staphylobilin-producing) 2,CC - CATALYTIC ACTIVITY
Q6HB59,Phosphomethylpyrimidine synthase,CC - CATALYTIC ACTIVITY
Q6HCY5,Heme-degrading monooxygenase,CC - CATALYTIC ACTIVITY
Q6HEC6,Acireductone dioxygenase,CC - CATALYTIC ACTIVITY; CC - FUNCTION
Q6LVY0,Phosphomethylpyrimidine synthase,CC - CATALYTIC ACTIVITY
Q6N7A6,Acireductone dioxygenase,CC - CATALYTIC ACTIVITY; CC - FUNCTION
Q6N7U8,N(2)-fixation sustaining protein CowN,CC - FUNCTION
Q7A1Y8,Heme oxygenase (staphylobilin-producing) 2,CC - CATALYTIC ACTIVITY
Q7A649,Heme oxygenase (staphylobilin-producing) 1,CC - CATALYTIC ACTIVITY
Q7A827,Heme oxygenase (staphylobilin-producing) 2,CC - CATALYTIC ACTIVITY
Q7AP29,Heme-degrading monooxygenase,CC - CATALYTIC ACTIVITY
Q7M818,Phosphomethylpyrimidine synthase,CC - CATALYTIC ACTIVITY
Q7MGM3,Phosphomethylpyrimidine synthase,CC - CATALYTIC ACTIVITY
Q7MRV3,N(2)-fixation sustaining protein CowN,CC - FUNCTION
Q7MT71,Phosphomethylpyrimidine synthase,CC - CATALYTIC ACTIVITY
Q7N963,Phosphomethylpyrimidine synthase,CC - CATALYTIC ACTIVITY
Q7NLK5,Phosphomethylpyrimidine synthase,CC - CATALYTIC ACTIVITY
Q7P1H8,Phosphomethylpyrimidine synthase,CC - CATALYTIC ACTIVITY
Q07PD0,N(2)-fixation sustaining protein CowN,CC - FUNCTION
Q07PX1,Phosphomethylpyrimidine synthase,CC - CATALYTIC ACTIVITY
Q7SIC2,"Quercetin 2,3-dioxygenase",CC - CATALYTIC ACTIVITY; CC - FUNCTION
Q7U8G6,Acireductone dioxygenase,CC - CATALYTIC ACTIVITY; CC - FUNCTION
Q7U9W2,Phosphomethylpyrimidine synthase,CC - CATALYTIC ACTIVITY
Q7UP26,Phosphomethylpyrimidine synthase,CC - CATALYTIC ACTIVITY
Q7UZP7,Phosphomethylpyrimidine synthase,CC - CATALYTIC ACTIVITY
Q7V8X5,Acireductone dioxygenase,CC - CATALYTIC ACTIVITY; CC - FUNCTION
Q7V9Q8,Phosphomethylpyrimidine synthase,CC - CATALYTIC ACTIVITY
Q7V906,Phosphomethylpyrimidine synthase,CC - CATALYTIC ACTIVITY
Q7VFU4,Phosphomethylpyrimidine synthase,CC - CATALYTIC ACTIVITY
Q7W0D7,Phosphomethylpyrimidine synthase,CC - CATALYTIC ACTIVITY
Q7W1Q0,Phosphomethylpyrimidine synthase,CC - CATALYTIC ACTIVITY
Q7WQM6,Phosphomethylpyrimidine synthase,CC - CATALYTIC ACTIVITY
Q8AA15,Phosphomethylpyrimidine synthase,CC - CATALYTIC ACTIVITY
Q8AYS8,Calcium-activated potassium channel subunit alpha-1,CC - ENZYME REGULATION; CC - DOMAIN
Q8D247,Phosphomethylpyrimidine synthase,CC - CATALYTIC ACTIVITY
Q8DDL4,Phosphomethylpyrimidine synthase,CC - CATALYTIC ACTIVITY
Q8DLZ2,Phosphomethylpyrimidine synthase,CC - CATALYTIC ACTIVITY
Q8EED7,Phosphomethylpyrimidine synthase,CC - CATALYTIC ACTIVITY
Q8EXC0,Acireductone dioxygenase,CC - CATALYTIC ACTIVITY; CC - FUNCTION
Q8F7G5,Phosphomethylpyrimidine synthase,CC - CATALYTIC ACTIVITY
Q8FB77,Phosphomethylpyrimidine synthase,CC - CATALYTIC ACTIVITY
Q8FPT3,Phosphomethylpyrimidine synthase,CC - CATALYTIC ACTIVITY
Q8G7X1,Thiamine biosynthesis bifunctional protein ThiEC,CC - CATALYTIC ACTIVITY
Q8KCH9,Phosphomethylpyrimidine synthase,CC - CATALYTIC ACTIVITY
Q8NQW7,Phosphomethylpyrimidine synthase,CC - CATALYTIC ACTIVITY
Q8NX62,Heme oxygenase (staphylobilin-producing) 1,CC - CATALYTIC ACTIVITY
Q8P5L9,Phosphomethylpyrimidine synthase,CC - CATALYTIC ACTIVITY
Q8P9N4,Acireductone dioxygenase,CC - CATALYTIC ACTIVITY; CC - FUNCTION
Q8PH13,Phosphomethylpyrimidine synthase,CC - CATALYTIC ACTIVITY
Q8PLG1,Acireductone dioxygenase,CC - CATALYTIC ACTIVITY; CC - FUNCTION
Q8PUN1,Carbon monoxide dehydrogenase 2,DE; FT; CC - CATALYTIC ACTIVITY; CC - SIMILARITY
Q8PY39,Phosphomethylpyrimidine synthase 2,CC - CATALYTIC ACTIVITY
Q8Q0F4,Phosphomethylpyrimidine synthase 1,CC - CATALYTIC ACTIVITY
Q8Q0L5,Carbon monoxide dehydrogenase 1,DE; FT; CC - CATALYTIC ACTIVITY; CC - SIMILARITY
Q8R9P1,Phosphomethylpyrimidine synthase,CC - CATALYTIC ACTIVITY
Q8RI60,Phosphomethylpyrimidine synthase,CC - CATALYTIC ACTIVITY
Q8THW2,Acetyl-CoA decarbonylase/synthase complex subunit alpha 3,DE; CC - CATALYTIC ACTIVITY; CC - SIMILARITY
Q8TI28,Phosphomethylpyrimidine synthase 2,CC - CATALYTIC ACTIVITY
Q8TJC6,Acetyl-CoA decarbonylase/synthase complex subunit alpha 2,DE; CC - CATALYTIC ACTIVITY; CC - SIMILARITY
Q8TKW2,Carbon monoxide dehydrogenase 1,DE; FT; CC - CATALYTIC ACTIVITY; CC - SIMILARITY
Q8TPW4,Phosphomethylpyrimidine synthase 1,CC - CATALYTIC ACTIVITY
Q8TR73,Carbon monoxide dehydrogenase 2,DE; FT; CC - CATALYTIC ACTIVITY; CC - SIMILARITY
Q8TRZ4,Acetyl-CoA decarbonylase/synthase complex subunit alpha 1,DE; CC - CATALYTIC ACTIVITY; CC - SIMILARITY
Q8TXF5,Putative acetyl-CoA decarbonylase/synthase complex subunit alpha-like,CC - SIMILARITY
Q8TXF7,Acetyl-CoA decarbonylase/synthase complex subunit alpha 1,CC - CATALYTIC ACTIVITY; CC - SIMILARITY; DE
Q8TXX3,Carbon monoxide dehydrogenase,CC - CATALYTIC ACTIVITY; CC - SIMILARITY; DE; FT
Q8TZ33,Phosphomethylpyrimidine synthase,CC - CATALYTIC ACTIVITY
Q8U0Q4,Phosphomethylpyrimidine synthase,CC - CATALYTIC ACTIVITY
Q8UCC9,Phosphomethylpyrimidine synthase,CC - CATALYTIC ACTIVITY
Q8X6X9,Phosphomethylpyrimidine synthase,CC - CATALYTIC ACTIVITY
Q8XMK9,Phosphomethylpyrimidine synthase,CC - CATALYTIC ACTIVITY
Q8Y368,Phosphomethylpyrimidine synthase,CC - CATALYTIC ACTIVITY
Q8YTJ3,Acireductone dioxygenase,CC - CATALYTIC ACTIVITY; CC - FUNCTION
Q8YVS7,Heme oxygenase 1,CC - CATALYTIC ACTIVITY
Q8YY69,Phosphomethylpyrimidine synthase,CC - CATALYTIC ACTIVITY
Q8Z326,Phosphomethylpyrimidine synthase,CC - CATALYTIC ACTIVITY
Q8ZAQ2,Phosphomethylpyrimidine synthase,CC - CATALYTIC ACTIVITY
Q8ZZC0,Phosphomethylpyrimidine synthase,CC - CATALYTIC ACTIVITY
Q9A6Q5,Phosphomethylpyrimidine synthase,CC - CATALYTIC ACTIVITY
Q9BG98,Calcium-activated potassium channel subunit alpha-1,CC - ENZYME REGULATION; CC - DOMAIN
Q9BQI3,Eukaryotic translation initiation factor 2-alpha kinase 1,CC - ENZYME REGULATION
Q9C4Z4,Acetyl-CoA decarbonylase/synthase complex subunit alpha 2,DE; CC - CATALYTIC ACTIVITY; CC - SIMILARITY
Q9C9L4,"Heme oxygenase 3, chloroplastic",CC - CATALYTIC ACTIVITY; CC - FUNCTION
Q9CKD7,"Putative quercetin 2,3-dioxygenase PM1685",CC - CATALYTIC ACTIVITY
Q9D711,Pirin,CC - CATALYTIC ACTIVITY
Q9F8A8,Carbon monoxide dehydrogenase 2,DE; FT; CC - CATALYTIC ACTIVITY; CC - FUNCTION; CC - SIMILARITY
Q9HLU2,"Putative quercetin 2,3-dioxygenase Ta0133",CC - CATALYTIC ACTIVITY
Q9HRG2,Phosphomethylpyrimidine synthase,CC - CATALYTIC ACTIVITY
Q9HUJ2,Phosphomethylpyrimidine synthase,CC - CATALYTIC ACTIVITY
Q9HZ00,"Putative quercetin 2,3-dioxygenase PA3240",CC - CATALYTIC ACTIVITY
Q9I4C8,"Putative quercetin 2,3-dioxygenase PA1210",CC - CATALYTIC ACTIVITY
Q9I4D3,"Putative quercetin 2,3-dioxygenase PA1205",CC - CATALYTIC ACTIVITY
Q9I163,"Putative quercetin 2,3-dioxygenase PA2418",CC - CATALYTIC ACTIVITY
Q9I341,Acireductone dioxygenase,CC - CATALYTIC ACTIVITY; CC - FUNCTION
Q9JWF3,Phosphomethylpyrimidine synthase,CC - CATALYTIC ACTIVITY
Q9JXI0,Phosphomethylpyrimidine synthase,CC - CATALYTIC ACTIVITY
Q9K7R6,Heme-degrading monooxygenase,CC - CATALYTIC ACTIVITY
Q9KBJ4,Phosphomethylpyrimidine synthase,CC - CATALYTIC ACTIVITY
Q9KKY1,"Putative quercetin 2,3-dioxygenase VC_A0969",CC - CATALYTIC ACTIVITY
Q9KVS8,Phosphomethylpyrimidine synthase,CC - CATALYTIC ACTIVITY
Q9L9I7,Phosphomethylpyrimidine synthase,CC - CATALYTIC ACTIVITY
Q9LQC0,"Heme oxygenase 4, chloroplastic",CC - CATALYTIC ACTIVITY; CC - FUNCTION
Q9PBD4,Acireductone dioxygenase,CC - CATALYTIC ACTIVITY; CC - FUNCTION
Q9PC93,Phosphomethylpyrimidine synthase,CC - CATALYTIC ACTIVITY
Q9PI55,Phosphomethylpyrimidine synthase,CC - CATALYTIC ACTIVITY
Q9RYX8,Phosphomethylpyrimidine synthase,CC - CATALYTIC ACTIVITY
Q9V0X8,Phosphomethylpyrimidine synthase,CC - CATALYTIC ACTIVITY
Q9WZP5,Phosphomethylpyrimidine synthase,CC - CATALYTIC ACTIVITY
Q9X9U0,Phosphomethylpyrimidine synthase,CC - CATALYTIC ACTIVITY
Q9XBR7,"Putative quercetin 2,3-dioxygenase ZMO1337",CC - CATALYTIC ACTIVITY
Q9Z2R9,Eukaryotic translation initiation factor 2-alpha kinase 1,CC - ENZYME REGULATION
Q9ZBL0,Phosphomethylpyrimidine synthase,CC - CATALYTIC ACTIVITY
Q9ZFE7,Acireductone dioxygenase,CC - CATALYTIC ACTIVITY; CC - FUNCTION
Q12HI8,Phosphomethylpyrimidine synthase,CC - CATALYTIC ACTIVITY
Q12NC2,Phosphomethylpyrimidine synthase,CC - CATALYTIC ACTIVITY
Q12XL7,Acetyl-CoA decarbonylase/synthase complex subunit alpha,CC - CATALYTIC ACTIVITY; CC - SIMILARITY; DE
Q13WN4,Phosphomethylpyrimidine synthase,CC - CATALYTIC ACTIVITY
Q21NU6,Phosphomethylpyrimidine synthase,CC - CATALYTIC ACTIVITY
Q21XR6,Phosphomethylpyrimidine synthase,CC - CATALYTIC ACTIVITY
Q028Z8,Phosphomethylpyrimidine synthase,CC - CATALYTIC ACTIVITY
Q30QG8,Phosphomethylpyrimidine synthase,CC - CATALYTIC ACTIVITY
Q31JC9,Phosphomethylpyrimidine synthase,CC - CATALYTIC ACTIVITY
Q31P93,Phosphomethylpyrimidine synthase,CC - CATALYTIC ACTIVITY
Q31QM9,Acireductone dioxygenase,CC - CATALYTIC ACTIVITY; CC - FUNCTION
Q31U03,Phosphomethylpyrimidine synthase,CC - CATALYTIC ACTIVITY
Q32AG7,Phosphomethylpyrimidine synthase,CC - CATALYTIC ACTIVITY
Q39HY9,Phosphomethylpyrimidine synthase,CC - CATALYTIC ACTIVITY
Q39RJ6,Phosphomethylpyrimidine synthase 2,CC - CATALYTIC ACTIVITY
Q39YG0,Phosphomethylpyrimidine synthase 1,CC - CATALYTIC ACTIVITY
Q46AN2,Phosphomethylpyrimidine synthase 2,CC - CATALYTIC ACTIVITY
Q46EW5,Phosphomethylpyrimidine synthase 1,CC - CATALYTIC ACTIVITY
Q46IK0,Phosphomethylpyrimidine synthase,CC - CATALYTIC ACTIVITY
Q47H37,N(2)-fixation sustaining protein CowN,CC - FUNCTION
Q48A96,Phosphomethylpyrimidine synthase,CC - CATALYTIC ACTIVITY
Q48KM7,Acireductone dioxygenase,CC - CATALYTIC ACTIVITY; CC - FUNCTION
Q48P32,Phosphomethylpyrimidine synthase,CC - CATALYTIC ACTIVITY
Q57H61,Phosphomethylpyrimidine synthase,CC - CATALYTIC ACTIVITY
Q60AP8,Acireductone dioxygenase,CC - CATALYTIC ACTIVITY; CC - FUNCTION
Q62FE9,Phosphomethylpyrimidine synthase,CC - CATALYTIC ACTIVITY
Q63VF5,Phosphomethylpyrimidine synthase,CC - CATALYTIC ACTIVITY
Q64T99,Phosphomethylpyrimidine synthase,CC - CATALYTIC ACTIVITY
Q65KJ6,Acireductone dioxygenase,CC - CATALYTIC ACTIVITY; CC - FUNCTION
Q65M65,Phosphomethylpyrimidine synthase,CC - CATALYTIC ACTIVITY
Q66E17,Acireductone dioxygenase,CC - CATALYTIC ACTIVITY; CC - FUNCTION
Q66FP5,Phosphomethylpyrimidine synthase,CC - CATALYTIC ACTIVITY
Q69XJ4,"Heme oxygenase 1, chloroplastic",CC - CATALYTIC ACTIVITY; CC - FUNCTION
Q72KP6,Phosphomethylpyrimidine synthase,CC - CATALYTIC ACTIVITY
Q72NZ8,Phosphomethylpyrimidine synthase,CC - CATALYTIC ACTIVITY
Q72ZK2,Heme-degrading monooxygenase,CC - CATALYTIC ACTIVITY
Q75FG2,Acireductone dioxygenase,CC - CATALYTIC ACTIVITY; CC - FUNCTION
Q81L50,Heme-degrading monooxygenase,CC - CATALYTIC ACTIVITY
Q81MI9,Acireductone dioxygenase,CC - CATALYTIC ACTIVITY; CC - FUNCTION
Q81WY7,Phosphomethylpyrimidine synthase,CC - CATALYTIC ACTIVITY
Q82FI7,Phosphomethylpyrimidine synthase,CC - CATALYTIC ACTIVITY
Q82Y50,Phosphomethylpyrimidine synthase,CC - CATALYTIC ACTIVITY
Q83EJ0,Phosphomethylpyrimidine synthase,CC - CATALYTIC ACTIVITY
Q83PB8,Phosphomethylpyrimidine synthase,CC - CATALYTIC ACTIVITY
Q87C37,Acireductone dioxygenase,CC - CATALYTIC ACTIVITY; CC - FUNCTION
Q87CY6,Phosphomethylpyrimidine synthase,CC - CATALYTIC ACTIVITY
Q87KF0,Phosphomethylpyrimidine synthase,CC - CATALYTIC ACTIVITY
Q87VG1,Phosphomethylpyrimidine synthase,CC - CATALYTIC ACTIVITY
Q88DA5,Phosphomethylpyrimidine synthase,CC - CATALYTIC ACTIVITY
Q89FP0,Phosphomethylpyrimidine synthase,CC - CATALYTIC ACTIVITY
Q90ZC7,Calcium-activated potassium channel subunit alpha-1,CC - ENZYME REGULATION; CC - DOMAIN
Q92EH3,Heme-degrading monooxygenase,CC - CATALYTIC ACTIVITY
Q92TI9,Phosphomethylpyrimidine synthase,CC - CATALYTIC ACTIVITY
Q96ZH0,Phosphomethylpyrimidine synthase,CC - CATALYTIC ACTIVITY
Q97EU2,Phosphomethylpyrimidine synthase,CC - CATALYTIC ACTIVITY
Q97X14,Phosphomethylpyrimidine synthase 2,CC - CATALYTIC ACTIVITY
Q97YJ8,Phosphomethylpyrimidine synthase 1,CC - CATALYTIC ACTIVITY
Q98AZ3,Phosphomethylpyrimidine synthase,CC - CATALYTIC ACTIVITY
Q99N16,Leukotriene-B(4) omega-hydroxylase 2,CC - ENZYME REGULATION
Q99UW8,Heme oxygenase (staphylobilin-producing) 1,CC - CATALYTIC ACTIVITY
Q99X56,Heme oxygenase (staphylobilin-producing) 2,CC - CATALYTIC ACTIVITY
Q111G3,Acireductone dioxygenase,CC - CATALYTIC ACTIVITY; CC - FUNCTION
Q111Z9,Phosphomethylpyrimidine synthase,CC - CATALYTIC ACTIVITY
Q133T3,Phosphomethylpyrimidine synthase,CC - CATALYTIC ACTIVITY
Q138N7,N(2)-fixation sustaining protein CowN,CC - FUNCTION
Q186R0,Phosphomethylpyrimidine synthase,CC - CATALYTIC ACTIVITY
Q212F4,N(2)-fixation sustaining protein CowN,CC - FUNCTION
Q216H0,Phosphomethylpyrimidine synthase,CC - CATALYTIC ACTIVITY
Q318D0,Phosphomethylpyrimidine synthase,CC - CATALYTIC ACTIVITY
Q476U6,Phosphomethylpyrimidine synthase,CC - CATALYTIC ACTIVITY
Q478T2,Phosphomethylpyrimidine synthase,CC - CATALYTIC ACTIVITY
Q603T9,Phosphomethylpyrimidine synthase,CC - CATALYTIC ACTIVITY
Q631C7,Phosphomethylpyrimidine synthase,CC - CATALYTIC ACTIVITY
Q633Q1,Heme-degrading monooxygenase,CC - CATALYTIC ACTIVITY
Q635P0,Acireductone dioxygenase,CC - CATALYTIC ACTIVITY; CC - FUNCTION
Q723G7,Heme-degrading monooxygenase,CC - CATALYTIC ACTIVITY
Q731Q9,Acireductone dioxygenase,CC - CATALYTIC ACTIVITY; CC - FUNCTION
Q812Q3,Heme-degrading monooxygenase,CC - CATALYTIC ACTIVITY
Q815D5,Phosphomethylpyrimidine synthase,CC - CATALYTIC ACTIVITY
Q819E5,Acireductone dioxygenase,CC - CATALYTIC ACTIVITY; CC - FUNCTION
Q828K8,Acireductone dioxygenase,CC - CATALYTIC ACTIVITY; CC - FUNCTION
Q884P2,Acireductone dioxygenase,CC - CATALYTIC ACTIVITY; CC - FUNCTION
Q897B2,Phosphomethylpyrimidine synthase,CC - CATALYTIC ACTIVITY
Q07340,Corrinoid/iron-sulfur protein large subunit,CC - FUNCTION
Q07341,Corrinoid/iron-sulfur protein small subunit,CC - FUNCTION
Q08368,Acetyl-CoA decarbonylase/synthase complex subunit alpha 1,CC - CATALYTIC ACTIVITY; CC - SIMILARITY; DE
Q08460,Calcium-activated potassium channel subunit alpha-1,CC - ENZYME REGULATION; CC - DOMAIN
Q08477,Leukotriene-B(4) omega-hydroxylase 2,CC - ENZYME REGULATION
Q12791,Calcium-activated potassium channel subunit alpha-1,CC - ENZYME REGULATION; CC - DOMAIN
Q13873,Bone morphogenetic protein receptor type-2,CC - DISEASE
Q18086,Globin-like protein 6,CC - MISCELLANEOUS
Q22663,Globin-like protein 26,CC - MISCELLANEOUS
Q28204,Calcium-activated potassium channel subunit alpha-1,CC - ENZYME REGULATION; CC - DOMAIN
Q28265,Calcium-activated potassium channel subunit alpha-1,CC - ENZYME REGULATION; CC - DOMAIN
Q46389,5-methyltetrahydrofolate:corrinoid/iron-sulfur protein co-methyltransferase,CC - FUNCTION
Q49161,Acetyl-CoA decarbonylase/synthase complex subunit alpha 1,DE; CC - CATALYTIC ACTIVITY; CC - SIMILARITY
Q49163,Acetyl-CoA decarbonylase/synthase complex subunit alpha 2,DE; CC - CATALYTIC ACTIVITY; CC - SIMILARITY
Q55894,Phosphomethylpyrimidine synthase,CC - CATALYTIC ACTIVITY
Q57617,Acetyl-CoA decarbonylase/synthase complex subunit alpha,DE; CC - CATALYTIC ACTIVITY; CC - SIMILARITY
Q58138,Carbon monoxide dehydrogenase,DE; FT; CC - CATALYTIC ACTIVITY; CC - SIMILARITY
Q58432,Phosphomethylpyrimidine synthase,CC - CATALYTIC ACTIVITY
Q62976,Calcium-activated potassium channel subunit alpha-1,CC - ENZYME REGULATION; CC - DOMAIN
Q63185,Eukaryotic translation initiation factor 2-alpha kinase 1,CC - ENZYME REGULATION
